codigo,nome,populacao,idhm,rdpc,seca,enchente,calor,ameaca,capacidade,peso,cluster,arquetipo,ameaca_futura,tendencia
2900108,Abaíra,8681,0.603,290.53,0.47698120449621506,0.10719397790017685,0.5075873467715435,0.7867218874110506,0.603,0.0029425363159664413,0,Seca (sertao) (baixa),0.8594595470001969,Estavel
2900207,Abaré,20594,0.575,220.16,0.8790202654788608,0.08223355487719439,0.18215328578406217,0.922066134685027,0.575,0.003616697098839888,0,Seca (sertao) (baixa),0.6220661346850269,Melhorando
2900306,Acajutiba,15214,0.582,260.46,0.2923460962244943,0.6913120741204193,0.1634021864725319,0.12026480550941779,0.582,0.00046605103780991355,1,Enchente / chuva extrema (moderada),0.0,Estavel
2900355,Adustina,17209,0.546,211.37,0.5426980890023754,0.30916073553948653,0.32989115318760487,0.614186914616145,0.546,0.0025370313133337317,0,Seca (sertao) (baixa),0.5141297780362666,Estavel
2900405,Água Fria,17096,0.55,215.12,0.5752016059329269,0.1363563525540625,0.48713030017879294,0.8209302865246806,0.55,0.0033663673007906882,0,Seca (sertao) (baixa),0.774853591153447,Estavel
2900504,Érico Cardoso,10513,0.584,258.28,0.5103768152883027,0.20951983609242603,0.5291422534622386,0.7472174022632073,0.584,0.0028857057277338026,0,Seca (sertao) (baixa),0.8010464392008283,Estavel
2900603,Aiquara,4387,0.583,283.24,0.42213532614468574,0.17886238923450967,0.17044337105742272,0.5578561408280873,0.583,0.002158100046655664,0,Seca (sertao) (baixa),0.5125773753503817,Estavel
2900702,Alagoinhas,153023,0.683,553.17,0.38171323699448567,0.3864717688280283,0.31221930684871485,0.45038486825652413,0.683,0.0014872397964586011,3,Enchente / chuva extrema (baixa),0.24220918707652414,Estavel
2900801,Alcobaça,22509,0.608,357.99,0.3875328629424573,0.7197021309206008,0.2918113287886145,0.2168891433122631,0.608,0.0008045483432193749,1,Enchente / chuva extrema (moderada),0.2953017854006814,Agravando
2900900,Almadina,5273,0.563,265.39,0.3192076403090277,0.5387144490612364,0.5525513775238252,0.40897552098760637,0.563,0.0016383505461199815,1,Enchente / chuva extrema (moderada),0.4378358158229161,Estavel
2901007,Amargosa,37631,0.625,369.84,0.3802025145316317,0.24620497548261502,0.24540973017602813,0.5169420445746683,0.625,0.0018654334052064484,0,Seca (sertao) (baixa),0.3003115897971263,Estavel
2901106,Amélia Rodrigues,24997,0.666,354.66,0.37479463280149017,0.2511680732001035,0.357672415934151,0.5582082759045788,0.666,0.0018903401235608375,3,Enchente / chuva extrema (baixa),0.3221652321617735,Estavel
2901155,América Dourada,16086,0.561,186.1,0.8817155865230741,0.3054267111625996,0.48386486355718333,0.900132992263672,0.561,0.0036187762347882637,2,Seca (sertao) (moderada),0.8581459120732327,Estavel
2901205,Anagé,21229,0.54,243.52,0.5774401267515454,0.2747190989873511,0.573007039359449,0.7643209336000035,0.54,0.0031922721229006067,2,Seca (sertao) (moderada),0.7484684181715532,Estavel
2901304,Andaraí,13122,0.555,230.36,0.327132634246321,0.6495352506864198,0.13663162747955207,0.15973365280149976,0.555,0.0006491145602976916,1,Enchente / chuva extrema (moderada),0.0,Estavel
2901353,Andorinha,14416,0.588,305.81,0.7141478830523597,0.2613249215758623,0.611084806692257,0.8774831942108526,0.588,0.0033657309176414875,2,Seca (sertao) (moderada),0.8818374858771847,Estavel
2901403,Angical,13902,0.625,266.89,0.817378701156213,0.395034273949697,0.7036952735149383,0.8917039191494647,0.625,0.0032177964547332426,2,Seca (sertao) (moderada),1.0,Estavel
2901502,Anguera,11369,0.589,269.0,0.47630442340541607,0.11341665739613674,0.4358754626797243,0.7512725243420864,0.589,0.002876736753865018,0,Seca (sertao) (baixa),0.5263879607352804,Estavel
2901601,Antas,19659,0.592,283.59,0.5363346378975102,0.29652435004685784,0.25943391789843717,0.5885600099127062,0.592,0.002242265084776317,0,Seca (sertao) (baixa),0.47989190559722644,Estavel
2901700,Antônio Cardoso,11670,0.561,236.86,0.40668615252477835,0.13856049074761193,0.38634951416861535,0.6681605028161172,0.561,0.0026861845631660506,0,Seca (sertao) (baixa),0.4131361111011978,Estavel
2901809,Antônio Gonçalves,11955,0.598,295.7,0.7352382614144338,0.2809253435933963,0.5774104904068776,0.8631276331067165,0.598,0.0032553054672532404,2,Seca (sertao) (moderada),0.9441610599587094,Estavel
2901908,Aporá,17840,0.548,199.04,0.3565093845102627,0.5361090201354992,0.24779826569693036,0.30400501010455533,0.548,0.001251175101429315,1,Enchente / chuva extrema (moderada),0.09995267140948016,Estavel
2901957,Apuarema,7274,0.552,252.3,0.3551431954581278,0.2805641203212648,0.23065913896747425,0.4709921565723817,0.552,0.0019243874144142866,0,Seca (sertao) (baixa),0.4231958780403212,Estavel
2902005,Aracatu,12960,0.581,316.6,0.5937350860420104,0.347399525890712,0.856963053076313,0.8466917375972144,0.581,0.003286753243115063,2,Seca (sertao) (moderada),0.8777796064654978,Estavel
2902054,Araçás,12237,0.57,230.75,0.30403426289513225,0.5782539806841157,0.21203284290778301,0.2261281106675346,0.57,0.0008947415575938894,1,Enchente / chuva extrema (moderada),0.0,Estavel
2902104,Araci,54903,0.534,221.98,0.6908558956855447,0.12819891721974783,0.675012730172811,0.9812372377849845,0.534,0.004144295125237694,2,Seca (sertao) (moderada),0.9903582941953372,Estavel
2902203,Aramari,11519,0.588,274.61,0.43780040938164677,0.2768425761853069,0.37378215752979094,0.58790915631348,0.588,0.0022550221328721245,0,Seca (sertao) (baixa),0.40257563616901404,Estavel
2902252,Arataca,10904,0.559,256.14,0.20468372383573782,0.6929541239592326,0.6172574165019138,0.2575392499087383,0.559,0.0010390813007481851,1,Enchente / chuva extrema (moderada),0.5575392499087383,Agravando
2902302,Aratuípe,8848,0.575,278.23,0.1960092502772264,0.6663957040007231,0.20411041835993712,0.09303621714718827,0.575,0.0003649237337603932,1,Enchente / chuva extrema (moderada),0.0,Estavel
2902401,Aurelino Leal,11079,0.568,253.19,0.35024609608248675,0.37791810993373964,0.3769804272053145,0.4638426780144544,0.568,0.00184179072035865,0,Seca (sertao) (baixa),0.46798970652125504,Estavel
2902500,Baianópolis,13979,0.589,235.05,0.8516163648484164,0.4334862778076039,0.7211842608414755,0.8947904603752774,0.589,0.0034262887580290024,2,Seca (sertao) (moderada),1.0,Agravando
2902609,Baixa Grande,20431,0.585,243.98,0.8145947124543288,0.2248230206195608,0.7417480903333621,1.0,0.585,0.0038553343226543756,2,Seca (sertao) (moderada),1.0,Estavel
2902658,Banzaê,13251,0.579,228.54,0.6357337051524625,0.17506577035542867,0.6652741967144885,0.9095855362043421,0.579,0.003543095781026549,2,Seca (sertao) (moderada),0.993009227972551,Estavel
2902708,Barra,54225,0.557,183.03,0.9921549215895644,0.3914895684953711,0.7811084584792607,1.0,0.557,0.004049139279628024,2,Seca (sertao) (moderada),0.9158054272504567,Estavel
2902807,Barra da Estiva,20198,0.575,270.66,0.46946147915522124,0.2953915806842461,0.587010945003104,0.6869201110942026,0.575,0.002694364188722567,0,Seca (sertao) (baixa),0.6879684567062276,Estavel
2902906,Barra do Choça,30831,0.551,266.13,0.5785151756789185,0.29848421610849235,0.546843541209722,0.7374973803841753,0.551,0.0030187475383407227,0,Seca (sertao) (baixa),0.7001449330598849,Estavel
2903003,Barra do Mendes,13128,0.63,292.41,0.7238142999546955,0.39312574061265065,0.5103622778046153,0.7501246428798258,0.63,0.002685411190394631,2,Seca (sertao) (moderada),0.7017194920818408,Estavel
2903102,Barra do Rocha,5515,0.577,304.56,0.43763568180578083,0.15399684120668525,0.13244447007713742,0.5685498635933407,0.577,0.002222340788392277,0,Seca (sertao) (baixa),0.5168943836602785,Estavel
2903201,Barreiras,158432,0.721,602.82,0.8118981434672994,0.3416068648025339,0.35044416766705455,0.7733535838131246,0.721,0.002419138585166666,3,Enchente / chuva extrema (baixa),0.6091446162565288,Estavel
2903235,Barro Alto,15171,0.607,247.32,0.7290919037140687,0.3688319211315752,0.459927036463063,0.7485394424996812,0.607,0.0027812748528003484,2,Seca (sertao) (moderada),0.6855344790971061,Estavel
2903276,Barrocas,16225,0.61,284.41,0.7333040432543737,0.018688852145847402,0.6191579937639157,1.0,0.61,0.0036973288176275565,2,Seca (sertao) (moderada),1.0,Agravando
2903300,Barro Preto,5312,0.602,287.6,0.27583796595022114,0.6591171165285129,0.7662163603524091,0.3902317561919946,0.602,0.001461988740548944,1,Enchente / chuva extrema (moderada),0.4615625022254979,Estavel
2903409,Belmonte,23540,0.598,289.9,0.4433726189835023,0.4180930157854249,0.35648818345158645,0.4872193512363827,0.598,0.001837558846450784,0,Seca (sertao) (baixa),0.7872193512363828,Agravando
2903508,Belo Campo,17013,0.575,263.52,0.5918798082606258,0.297067483208486,0.5769194102886247,0.7599336698534257,0.575,0.002980751375288813,2,Seca (sertao) (moderada),0.7403848343222814,Estavel
2903607,Biritinga,15989,0.538,209.37,0.7029352092350174,0.032977026271372105,0.60718402955686,1.0,0.538,0.004192138622217118,2,Seca (sertao) (moderada),1.0,Estavel
2903706,Boa Nova,12039,0.567,223.48,0.46193318014593565,0.2548087498870758,0.3995972334253597,0.6295585090516517,0.567,0.0025042111797505817,0,Seca (sertao) (baixa),0.5812594328426712,Estavel
2903805,Boa Vista do Tupim,18491,0.551,195.71,0.6618743580291465,0.2656439164171248,0.5489906559093132,0.8143812465319396,0.551,0.003333451004203584,2,Seca (sertao) (moderada),0.786303951288797,Estavel
2903904,Bom Jesus da Lapa,70151,0.633,367.62,0.7428245403097211,0.3628452143374491,0.6440249919979185,0.8403872604508019,0.633,0.002994288628719452,2,Seca (sertao) (moderada),0.9925273155184038,Estavel
2903953,Bom Jesus da Serra,9768,0.546,223.19,0.5311697304681374,0.25931913088523023,0.5048180559030143,0.7159747144829711,0.546,0.002957487740248784,0,Seca (sertao) (baixa),0.6792582144528018,Estavel
2904001,Boninal,14518,0.612,267.7,0.42760485743195537,0.3576830774873992,0.3537959248900073,0.5173748325182047,0.612,0.0019066535546547732,0,Seca (sertao) (baixa),0.45891993191398855,Estavel
2904050,Bonito,16999,0.561,249.0,0.6135677197176779,0.4874774660066287,0.36378034893073063,0.5518955501913807,0.561,0.0022187682467847314,0,Seca (sertao) (baixa),0.4528979187550649,Estavel
2904100,Boquira,21486,0.603,266.71,0.6694215272421516,0.3308566370827627,0.5590954678257587,0.7788404516264572,0.603,0.0029130577780113807,2,Seca (sertao) (moderada),0.8315096296792981,Estavel
2904209,Botuporã,10050,0.575,235.16,0.5828879133748732,0.31557426584604065,0.5255875443193917,0.7194691314173768,0.575,0.0028220339327297223,2,Seca (sertao) (moderada),0.772396635006391,Estavel
2904308,Brejões,14155,0.597,261.14,0.3950797812804485,0.2559396426824297,0.3141759728406624,0.5492921324216402,0.597,0.0020751378804089774,0,Seca (sertao) (baixa),0.3875432534048252,Estavel
2904407,Brejolândia,10675,0.592,221.22,0.860016374496651,0.3851536052871749,0.7919294044275863,0.9636494648094079,0.592,0.003671261235070996,2,Seca (sertao) (moderada),1.0,Estavel
2904506,Brotas de Macaúbas,10705,0.57,247.49,0.7374137756428323,0.37735735647033936,0.6087412580315453,0.8118388718142056,0.57,0.003212276326627426,2,Seca (sertao) (moderada),0.814776634731084,Estavel
2904605,Brumado,67468,0.656,403.22,0.5940379111426993,0.3739282291240456,0.9991811489592921,0.889677582820163,0.656,0.0030587692757141948,2,Seca (sertao) (moderada),0.9332383200751693,Estavel
2904704,Buerarema,18269,0.613,343.23,0.2228748520707673,0.6973696047882866,0.72457944717433,0.31219321299530123,0.613,0.0011486319534680452,1,Enchente / chuva extrema (moderada),0.5592679823309512,Agravando
2904753,Buritirama,21374,0.565,184.53,0.9918106598993175,0.030843110976575768,0.15873786254968908,1.0,0.565,0.003991806334075769,0,Seca (sertao) (baixa),0.7271171992473628,Estavel
2904803,Caatiba,6232,0.561,293.78,0.5106759952245503,0.4250560953292176,0.4874625014327481,0.5817571009144085,0.561,0.002338819695869672,0,Seca (sertao) (baixa),0.4417110248953985,Estavel
2904852,Cabaceiras do Paraguaçu,19010,0.581,209.45,0.28934038246144284,0.1717539306529739,0.30876631159576645,0.5368978813694478,0.581,0.002084171575620256,0,Seca (sertao) (baixa),0.23706702386059508,Estavel
2904902,Cachoeira,33659,0.647,368.11,0.2737011997767539,0.25204276271540765,0.2884905884269785,0.46312743834616843,0.647,0.001614411126211907,3,Enchente / chuva extrema (baixa),0.18038777572298798,Estavel
2905008,Caculé,23407,0.637,382.15,0.6610884586910324,0.3774327619545936,0.5853707165394886,0.7528295271610994,0.637,0.0026654781261782304,2,Seca (sertao) (moderada),0.828001724069873,Estavel
2905107,Caém,8912,0.546,223.48,0.8339566319871173,0.43018122777556483,0.4594594424926972,0.7735103937544504,0.546,0.003195151253540821,2,Seca (sertao) (moderada),0.9128195511065151,Estavel
2905156,Caetanos,14671,0.542,224.38,0.5482395514754357,0.2808877613685346,0.6097079315551625,0.7571059673307361,0.542,0.0031504696009518962,2,Seca (sertao) (moderada),0.741091336074808,Estavel
2905206,Caetité,51184,0.625,405.31,0.6910478280853493,0.3833529485158509,0.4720611653349827,0.719393817788817,0.625,0.0025959994418840917,2,Seca (sertao) (moderada),0.8127063424611166,Estavel
2905305,Cafarnaum,18585,0.584,251.31,0.771816693808008,0.3856308740587637,0.41545320404736763,0.7453451389977905,0.584,0.0028784751669726715,2,Seca (sertao) (moderada),0.6749729029887016,Estavel
2905404,Cairu,18666,0.627,334.19,0.1506509396725928,0.8512024374377767,0.19074008877284088,0.02,0.627,7.194164525527302e-05,1,Enchente / chuva extrema (moderada),0.0,Estavel
2905503,Caldeirão Grande,13452,0.573,211.26,0.8064366691119181,0.3906124572082838,0.5045318361950601,0.8023219972660518,0.573,0.0031579990005585435,2,Seca (sertao) (moderada),0.8899723220504617,Estavel
2905602,Camacan,32023,0.581,351.84,0.24656994738681073,0.6669809943235612,0.5515854078595375,0.2740441470316476,0.581,0.0010638056910405975,1,Enchente / chuva extrema (moderada),0.5667584683296807,Agravando
2905701,Camaçari,309208,0.694,553.18,0.14345739258576515,0.753011893808678,0.11742047661906191,0.02,0.694,6.49962702810608e-05,3,Enchente / chuva extrema (baixa),0.0,Estavel
2905800,Camamu,35444,0.565,264.63,0.09815468197596866,0.8419414498406368,0.24999077583727972,0.02,0.565,7.98361266815154e-05,1,Enchente / chuva extrema (moderada),0.020445496993182793,Estavel
2905909,Campo Alegre de Lourdes,28839,0.557,199.01,0.992480716026293,0.2562242023866734,0.638025047796938,1.0,0.557,0.004049139279628024,2,Seca (sertao) (moderada),0.8758697600524565,Estavel
2906006,Campo Formoso,71754,0.586,270.05,0.854150699256101,0.22835587956794878,0.4532179222897651,0.92216150027753,0.586,0.0035491739190861636,2,Seca (sertao) (moderada),0.8934501041234566,Estavel
2906105,Canápolis,9694,0.565,217.86,0.8566443131040434,0.5124887030335796,0.7120206559442254,0.8399176642808286,0.565,0.0033527886523783373,2,Seca (sertao) (moderada),1.0,Agravando
2906204,Canarana,26468,0.587,252.39,0.8033402453975944,0.3639299320105104,0.43646298363743263,0.7894444899248834,0.587,0.0030332025147105633,2,Seca (sertao) (moderada),0.721260866509248,Estavel
2906303,Canavieiras,30722,0.59,325.61,0.2412330215734494,0.6481738933167182,0.501855295215617,0.2621937650932406,0.59,0.0010022781419046106,1,Enchente / chuva extrema (moderada),0.5621937650932406,Agravando
2906402,Candeal,8109,0.587,251.54,0.6532665879662497,0.051894248909245176,0.5683576493883428,0.9637220974973537,0.587,0.003702811694700985,2,Seca (sertao) (moderada),0.9505624174371056,Estavel
2906501,Candeias,87820,0.691,462.57,0.1364335970841056,0.7196694936450413,0.1283155384240602,0.02,0.691,6.527845379892358e-05,3,Enchente / chuva extrema (baixa),0.0,Estavel
2906600,Candiba,14415,0.591,290.99,0.7513252408694905,0.4039634554482007,0.4027838353931659,0.7142048483606784,0.591,0.0027255441661510763,2,Seca (sertao) (moderada),0.8373207754469543,Estavel
2906709,Cândido Sales,24921,0.601,268.57,0.5840846763675083,0.3221208028747772,0.5595838890606167,0.7303249642927224,0.601,0.0027406879157978407,2,Seca (sertao) (moderada),0.6893179622202024,Estavel
2906808,Cansanção,34929,0.557,216.24,0.6852457824298472,0.2745779082794448,0.7190922783497397,0.8961774197150905,0.557,0.0036287471916840626,2,Seca (sertao) (moderada),0.8355993939854558,Estavel
2906824,Canudos,16832,0.562,251.59,0.6394815075942,0.20716760028712158,0.5285052461090163,0.8313337963280306,0.562,0.0033362380522439865,2,Seca (sertao) (moderada),0.8885436338343558,Estavel
2906857,Capela do Alto Alegre,11597,0.599,299.05,0.7838969968036446,0.2412649324803366,0.6604860355290426,0.9571399367445553,0.599,0.00360384850264273,2,Seca (sertao) (moderada),0.9803837207078641,Estavel
2906873,Capim Grosso,31055,0.621,378.85,0.7628940499192541,0.33757545221085344,0.5993912594532066,0.8514427768997115,0.621,0.00309230110871369,2,Seca (sertao) (moderada),0.8644391481357905,Estavel
2906899,Caraíbas,8659,0.555,277.97,0.5942239800928847,0.318548197084092,0.6987886640848123,0.7989641940347074,0.555,0.0032467753814465405,2,Seca (sertao) (moderada),0.8057579616965995,Estavel
2906907,Caravelas,22166,0.616,394.43,0.39769179129007703,0.7085103578264812,0.28763494645025944,0.22928541310454303,0.616,0.000839486322813588,1,Enchente / chuva extrema (moderada),0.2958672723983161,Agravando
2907004,Cardeal da Silva,9395,0.552,207.42,0.21401430991758447,0.8860664528130541,0.058034600968196126,0.02,0.552,8.171632531713077e-05,1,Enchente / chuva extrema (moderada),0.0,Estavel
2907103,Carinhanha,29118,0.576,209.51,0.7737681442009493,0.43381518353352716,0.6234998220749568,0.8027662654214577,0.576,0.003143290653900737,2,Seca (sertao) (moderada),0.9908761571321698,Estavel
2907202,Casa Nova,73092,0.57,289.24,0.9516079256732857,0.23340682142964686,0.6015643802118719,1.0,0.57,0.003956790489040017,2,Seca (sertao) (moderada),0.7,Estavel
2907301,Castro Alves,26369,0.613,316.1,0.3002056561561709,0.2626830250925826,0.27957589808451555,0.46900315320482644,0.613,0.001725572452007279,0,Seca (sertao) (baixa),0.20412774785950472,Estavel
2907400,Catolândia,3619,0.582,251.21,0.8200775158527025,0.3884638316143479,0.7486132030325525,0.9171993484996726,0.582,0.0035543375007859217,2,Seca (sertao) (moderada),1.0,Agravando
2907509,Catu,55222,0.677,486.05,0.32953083921284543,0.42880747173552397,0.27821620453866835,0.37332052574107083,0.677,0.0012436870460870637,3,Enchente / chuva extrema (baixa),0.10753502042223845,Estavel
2907558,Caturama,9303,0.571,234.88,0.531928497560936,0.2643458866071661,0.5141575794253871,0.7170192942561583,0.571,0.0028321264810217913,0,Seca (sertao) (baixa),0.7614280638419946,Estavel
2907608,Central,17293,0.596,231.1,0.9402087969730483,0.2845102793228894,0.5801260029469347,0.993252897244665,0.596,0.0037586465800446395,2,Seca (sertao) (moderada),0.9584059232377621,Estavel
2907707,Chorrochó,11221,0.6,248.5,0.7872246643614573,0.14070579545859263,0.2937520488884722,0.8709712850966146,0.6,0.0032739383522423834,0,Seca (sertao) (baixa),0.5709712850966147,Melhorando
2907806,Cícero Dantas,32636,0.585,315.19,0.5884778349404012,0.23437331362744585,0.43926147003526017,0.7417126261297621,0.585,0.0028595501450641844,0,Seca (sertao) (baixa),0.7049366892285089,Estavel
2907905,Cipó,17402,0.601,312.03,0.6467739650459962,0.14135047595214023,0.6052802501981754,0.9140562490304731,0.601,0.0034301756595482204,2,Seca (sertao) (moderada),0.7548395877368755,Estavel
2908002,Coaraci,16128,0.613,366.33,0.3160712405231397,0.537846266668153,0.5721448289899834,0.41596120881132964,0.613,0.0015304187149356066,1,Enchente / chuva extrema (moderada),0.44620472033020686,Estavel
2908101,Cocos,18835,0.596,258.27,0.8381427556268393,0.46350867212318064,0.6478598309089643,0.8341267893728078,0.596,0.003156484932384182,2,Seca (sertao) (moderada),1.0,Estavel
2908200,Conceição da Feira,22933,0.634,348.39,0.33383678214732504,0.15661948644739557,0.3386640639087648,0.5886236620169677,0.634,0.0020939502985343954,0,Seca (sertao) (baixa),0.2949146324780136,Estavel
2908309,Conceição do Almeida,17087,0.606,290.98,0.281204221302944,0.29338788050854453,0.27297734573134336,0.4329383325426284,0.606,0.0016112811512061787,0,Seca (sertao) (baixa),0.1678145434190093,Estavel
2908408,Conceição do Coité,67394,0.611,309.61,0.7000114467635598,0.05717522643341519,0.6187090188917094,1.0,0.611,0.003691277542966955,2,Seca (sertao) (moderada),1.0,Estavel
2908507,Conceição do Jacuípe,33631,0.663,403.18,0.4222077655552252,0.19127694228153191,0.3964738184537746,0.6463089142513703,0.663,0.0021985914177801097,3,Enchente / chuva extrema (baixa),0.4084190763737415,Estavel
2908606,Conde,26223,0.56,246.81,0.19751917071415628,0.9429946141689539,0.029352635904674625,0.02,0.56,8.054894924117177e-05,1,Enchente / chuva extrema (moderada),0.0,Estavel
2908705,Condeúba,17113,0.582,260.07,0.624840230124025,0.3470271856148936,0.6660985443996341,0.7850507372881972,0.582,0.0030422342537938163,2,Seca (sertao) (moderada),0.8230511208908399,Estavel
2908804,Contendas do Sincorá,4025,0.577,293.12,0.49685969502027455,0.3007693861450511,0.6563864370370451,0.730546608346314,0.577,0.00285555169301894,2,Seca (sertao) (moderada),0.7406957679581463,Estavel
2908903,Coração de Maria,22391,0.592,257.21,0.4708659329886454,0.13475100894976574,0.4318394237645393,0.7314272860637941,0.592,0.002786553347103541,0,Seca (sertao) (baixa),0.4895303185757375,Estavel
2909000,Cordeiros,8667,0.579,263.24,0.6133050465475549,0.34065935636243116,0.6640296590656005,0.7811337810254779,0.579,0.003042739460785497,2,Seca (sertao) (moderada),0.8041310327206878,Estavel
2909109,Coribe,14108,0.6,237.03,0.8565155309522012,0.5240074496764274,0.6942879708896111,0.8243338757572146,0.6,0.0030986306174201595,2,Seca (sertao) (moderada),1.0,Agravando
2909208,Coronel João Sá,15549,0.535,238.18,0.528114186321804,0.3139653170696146,0.2413610297239763,0.5635817768055853,0.535,0.0023758612301468217,0,Seca (sertao) (baixa),0.4371915784843955,Estavel
2909307,Correntina,32243,0.603,285.96,0.837004684280688,0.4939278880907763,0.650077007782902,0.8134911303153257,0.603,0.0030426599691369045,2,Seca (sertao) (moderada),0.9792866049153769,Estavel
2909406,Cotegipe,13756,0.59,237.5,0.8526281107061429,0.3563570051649562,0.5191099855581012,0.8616759171017422,0.59,0.003293895782798499,2,Seca (sertao) (moderada),0.7777809386638534,Estavel
2909505,Cravolândia,5352,0.599,259.87,0.32691887485067755,0.30727618561130327,0.33090491698266605,0.47756475985877145,0.599,0.0017981394137472852,0,Seca (sertao) (baixa),0.4119080095506669,Estavel
2909604,Crisópolis,21219,0.543,232.6,0.4644615125223207,0.42653195458991805,0.3433853500179233,0.48933633350374345,0.543,0.0020324765556153142,0,Seca (sertao) (baixa),0.34539524060905336,Estavel
2909703,Cristópolis,13981,0.614,239.23,0.8493063986251582,0.3732945432167449,0.7163173841471702,0.932492488450595,0.614,0.0034252705592173714,2,Seca (sertao) (moderada),1.0,Estavel
2909802,Cruz das Almas,63923,0.699,481.8,0.2728572716231019,0.12584898998807498,0.3087149528096477,0.5577818631939412,0.699,0.0017997207490837478,3,Enchente / chuva extrema (baixa),0.2577818631939412,Estavel
2909901,Curaçá,35065,0.581,236.77,0.9382522866880489,0.04330428299972508,0.11468405228856532,0.9578051023112979,0.581,0.0037180816659762926,0,Seca (sertao) (baixa),0.6578051023112979,Melhorando
2910008,Dário Meira,10347,0.54,206.16,0.4502012036007184,0.22570551819556767,0.3206945436442864,0.6081585910192983,0.54,0.0025400425803716437,0,Seca (sertao) (baixa),0.5573624822014845,Estavel
2910057,Dias d'Ávila,83705,0.676,460.6,0.1616992272868314,0.7097672110550661,0.13645980254689236,0.02,0.676,6.672694019978726e-05,3,Enchente / chuva extrema (baixa),0.0,Estavel
2910107,Dom Basílio,12281,0.591,240.83,0.5731900455251392,0.34404751340856043,0.8243683435705618,0.8218412679567104,0.591,0.003136305611090472,2,Seca (sertao) (moderada),0.8611974226504991,Estavel
2910206,Dom Macedo Costa,4072,0.632,329.93,0.26768846287734505,0.34104920541998157,0.2643265947231714,0.3878847054221583,0.632,0.0013842147983502155,3,Enchente / chuva extrema (baixa),0.12750069890224097,Estavel
2910305,Elísio Medrado,8129,0.623,315.04,0.37543254827995365,0.2589121751136614,0.2572903136897267,0.5102653609178105,0.623,0.0018472511755549172,0,Seca (sertao) (baixa),0.29940970999717265,Estavel
2910404,Encruzilhada,15914,0.544,220.0,0.5299500970275726,0.38713571882900805,0.5540659843876071,0.6486731606682882,0.544,0.0026893352238931086,0,Seca (sertao) (baixa),0.6516102205353108,Estavel
2910503,Entre Rios,42014,0.615,338.53,0.2502209649743796,0.7702271449239335,0.11703744554927772,0.02,0.615,7.334538467488812e-05,1,Enchente / chuva extrema (moderada),0.0,Estavel
2910602,Esplanada,37902,0.589,312.58,0.20714276293137038,0.9130423645616205,0.04472036611123355,0.02,0.589,7.658304172335517e-05,1,Enchente / chuva extrema (moderada),0.0,Estavel
2910701,Euclides da Cunha,61112,0.567,269.58,0.6553405682948851,0.1301164420328441,0.821559979532372,1.0,0.567,0.003977725888452927,2,Seca (sertao) (moderada),1.0,Agravando
2910727,Eunápolis,115360,0.677,575.44,0.23540673773135687,0.6175155479967919,0.3189882979056478,0.20106835070547663,0.677,0.0006698428988175534,3,Enchente / chuva extrema (baixa),0.5010683507054766,Agravando
2910750,Fátima,17801,0.559,250.6,0.5542796523055672,0.2909481967612611,0.36440864996424,0.6489003650727647,0.559,0.00261808728430603,0,Seca (sertao) (baixa),0.5669533213156666,Estavel
2910776,Feira da Mata,5656,0.588,212.22,0.8228943418689834,0.4857753556280157,0.6958361781870523,0.8296546599156972,0.588,0.0031822767185357677,2,Seca (sertao) (moderada),1.0,Agravando
2910800,Feira de Santana,624107,0.712,662.24,0.49287547683603494,0.08863372857545541,0.4560835797037203,0.7875543305622708,0.712,0.0024947006549431326,3,Enchente / chuva extrema (baixa),0.5198240481004459,Estavel
2910859,Filadélfia,16314,0.565,250.08,0.7277772835826679,0.2922381826099869,0.5955947608796831,0.8583845323619289,0.565,0.003426504813355015,2,Seca (sertao) (moderada),0.9237742710045258,Estavel
2910909,Firmino Alves,5641,0.578,325.51,0.4276499397875581,0.4761327716407637,0.5185205141094387,0.5068210434378518,0.578,0.0019776284949178735,0,Seca (sertao) (baixa),0.450011281021261,Estavel
2911006,Floresta Azul,10525,0.557,242.04,0.3653919577269902,0.5114293358403459,0.5844457082882852,0.4709706253376948,0.557,0.0019070256586058336,1,Enchente / chuva extrema (moderada),0.49791018948584437,Estavel
2911105,Formosa do Rio Preto,26111,0.618,287.94,0.7054405001429549,0.5634245849782815,0.23366086009050246,0.5029350593953122,0.618,0.001835444880232175,3,Enchente / chuva extrema (baixa),0.20293505939531226,Melhorando
2911204,Gandu,32778,0.632,442.37,0.2756370907246051,0.48355852175385594,0.20534017293503015,0.269978369213689,0.632,0.00096345137788642,3,Enchente / chuva extrema (baixa),0.2097848118484083,Estavel
2911253,Gavião,4417,0.599,271.53,0.7256706092386921,0.25181977770134456,0.629996560690788,0.8994972792528753,0.599,0.0033868108502422955,2,Seca (sertao) (moderada),0.8541238237123783,Estavel
2911303,Gentio do Ouro,11284,0.559,207.35,0.910986650352122,0.37980976311317466,0.6945217694331782,0.9582266737612332,0.559,0.003866111355594368,2,Seca (sertao) (moderada),0.9134772492484841,Estavel
2911402,Glória,15247,0.593,266.14,0.6443342229452784,0.2291956494796874,0.3117095148440385,0.7263832711155525,0.593,0.0027626702505434107,0,Seca (sertao) (baixa),0.42638327111555246,Estavel
2911501,Gongogi,6852,0.576,234.7,0.4267566255978715,0.18593508891772753,0.16912019292019567,0.5554024413902643,0.576,0.0021747193154150763,0,Seca (sertao) (baixa),0.5081503452073141,Estavel
2911600,Governador Mangabeira,20800,0.643,322.02,0.27976836369390085,0.14783337567483654,0.3088718800509593,0.5472068681923438,0.643,0.0019193690062402468,0,Seca (sertao) (baixa),0.24720686819234378,Estavel
2911659,Guajeru,6371,0.569,241.69,0.6181009825436926,0.3540177649573885,0.7726187380736596,0.8216109365178019,0.569,0.0032566557704811826,2,Seca (sertao) (moderada),0.8689525783068937,Estavel
2911709,Guanambi,85353,0.673,496.05,0.7606166801853703,0.40958957673646035,0.37882346866354916,0.7060308226816084,0.673,0.0023660641087202695,3,Enchente / chuva extrema (baixa),0.8316669523975029,Estavel
2911808,Guaratinga,20565,0.558,258.74,0.21920687484592458,0.6298475554406193,0.37589501179672946,0.20662701108656306,0.558,0.0008351621533696503,1,Enchente / chuva extrema (moderada),0.506627011086563,Agravando
2911857,Heliópolis,12946,0.563,241.36,0.575851419893522,0.27300354109203917,0.4609550595274268,0.7164324713769905,0.563,0.0028700190366018276,0,Seca (sertao) (baixa),0.6253652351234539,Estavel
2911907,Iaçu,23950,0.574,311.24,0.6655680392429603,0.1619616678336437,0.5753099944721517,0.8991236067713275,0.574,0.0035328517933347777,2,Seca (sertao) (moderada),0.8750719883354071,Estavel
2912004,Ibiassucê,8849,0.611,350.98,0.6720304964730635,0.3807287102544571,0.5593296631434173,0.7464192959047756,0.611,0.002755240784610505,2,Seca (sertao) (moderada),0.8283227519911488,Estavel
2912103,Ibicaraí,21083,0.625,354.75,0.2854693213097899,0.6209698332825248,0.6508513644944998,0.3730956655767474,0.625,0.0013463503795231896,1,Enchente / chuva extrema (moderada),0.4451084248018904,Estavel
2912202,Ibicoara,19990,0.591,300.89,0.47168450412543766,0.2601092325979146,0.5119795250441009,0.6803641742955934,0.591,0.0025964015931365988,0,Seca (sertao) (baixa),0.6860291077844699,Estavel
2912301,Ibicuí,16262,0.584,307.49,0.4108877088008587,0.393314784275809,0.46226031765996733,0.5287337109152472,0.584,0.002041935711631921,0,Seca (sertao) (baixa),0.5165473869759301,Estavel
2912400,Ibipeba,18421,0.616,290.82,0.886488204126363,0.328597020835263,0.5543279703858655,0.917519945080105,0.616,0.0033593303401827316,2,Seca (sertao) (moderada),0.8738374186810823,Estavel
2912509,Ibipitanga,14989,0.584,249.32,0.5281912565345189,0.3115026188367107,0.4913325760803171,0.6725035355724894,0.584,0.0025971655620504043,0,Seca (sertao) (baixa),0.6944746929767904,Estavel
2912608,Ibiquera,4047,0.511,199.55,0.5526581454049826,0.39593234079440853,0.42580755364735234,0.6022061518514862,0.511,0.002657921794970232,0,Seca (sertao) (baixa),0.5214918428367785,Estavel
2912707,Ibirapitanga,23433,0.558,261.88,0.33170582577418484,0.38730006993265187,0.2346707916790862,0.38450263940665924,0.558,0.0015541145884777417,0,Seca (sertao) (baixa),0.35068171047115143,Estavel
2912806,Ibirapuã,8740,0.614,431.31,0.37397266810458174,0.6706075669794351,0.3090522523451886,0.24924877339725143,0.614,0.0009155510591374378,1,Enchente / chuva extrema (moderada),0.4853734002701593,Agravando
2912905,Ibirataia,14476,0.576,278.69,0.3982372607501231,0.23495904292761735,0.1785708458385827,0.5075564236652138,0.576,0.0019873746961658325,0,Seca (sertao) (baixa),0.4630109992961829,Estavel
2913002,Ibitiara,16463,0.585,244.68,0.5604050006291655,0.360912898412877,0.43130789732865676,0.6335423517003195,0.585,0.0024425175733654115,0,Seca (sertao) (baixa),0.6194517265647858,Estavel
2913101,Ibititá,17048,0.602,250.63,0.903279964503083,0.3014709152962411,0.5301772673949808,0.9365294824499908,0.602,0.003508672825336055,2,Seca (sertao) (moderada),0.8923971021239827,Estavel
2913200,Ibotirama,27076,0.636,337.12,0.8330144972029963,0.3121201308633162,0.7950294533873281,0.9977409462166607,0.636,0.0035381691435755437,2,Seca (sertao) (moderada),1.0,Estavel
2913309,Ichu,6232,0.631,296.17,0.7241837532258164,0.017916371523761077,0.610134658570881,1.0,0.631,0.0035742798395448647,2,Seca (sertao) (moderada),1.0,Agravando
2913408,Igaporã,15661,0.614,306.74,0.7141766088665819,0.39106142110361813,0.4414672796079757,0.7158196468392509,0.614,0.0026293787804144513,2,Seca (sertao) (moderada),0.8202030628142037,Estavel
2913457,Igrapiúna,12963,0.574,269.34,0.10566069548524698,0.8390674309791079,0.22675066841047484,0.02,0.574,7.858434072309442e-05,1,Enchente / chuva extrema (moderada),0.0018189200795763194,Estavel
2913507,Iguaí,27006,0.552,258.8,0.4666646848907265,0.3222577930661462,0.44283819040058725,0.6048873598293737,0.552,0.002471458613801872,0,Seca (sertao) (baixa),0.5305227202696923,Estavel
2913606,Ilhéus,157639,0.69,579.46,0.2774063147605301,0.7166305713760197,0.9631748938999773,0.4362564141164322,0.69,0.0014259708423049321,3,Enchente / chuva extrema (baixa),0.4876541210095241,Agravando
2913705,Inhambupe,40720,0.565,254.99,0.4424713304380671,0.344880273746734,0.35392768266308594,0.5357412414883505,0.565,0.0021385752811988136,0,Seca (sertao) (baixa),0.3894247593409944,Estavel
2913804,Ipecaetá,14229,0.55,186.54,0.4689438208397875,0.1048537051254551,0.42671794269399704,0.7484977146019274,0.55,0.0030693449523216437,0,Seca (sertao) (baixa),0.5227735243054296,Estavel
2913903,Ipiaú,45969,0.67,573.36,0.44307270717095004,0.13917227736148927,0.1276207303251991,0.5801318528104673,0.67,0.001952854197949378,3,Enchente / chuva extrema (baixa),0.5278768248100082,Estavel
2914000,Ipirá,59281,0.549,274.88,0.6398564549996931,0.16531176857829055,0.5720158333675797,0.8789289212168218,0.549,0.003610765810068061,2,Seca (sertao) (moderada),0.7804740371402583,Estavel
2914109,Ipupiara,9954,0.59,258.3,0.7975575008849477,0.3758409509493812,0.651646264879188,0.8698373061827563,0.59,0.0033250940146884542,2,Seca (sertao) (moderada),0.8719446154983528,Estavel
2914208,Irajuba,7295,0.576,236.16,0.40221253466587287,0.20208747287417514,0.41548873230061906,0.6342299238137306,0.576,0.002483374149885632,0,Seca (sertao) (baixa),0.5982461896093149,Estavel
2914307,Iramaia,7874,0.571,234.91,0.47644007225571267,0.27336440133659956,0.530223606678809,0.6821477372036266,0.571,0.0026943886810015115,0,Seca (sertao) (baixa),0.6786928926789595,Estavel
2914406,Iraquara,25728,0.599,242.58,0.40333568691764043,0.6007120699659477,0.19401634197728884,0.2666728184936689,0.599,0.0010040835208409166,1,Enchente / chuva extrema (moderada),0.07632638570674125,Estavel
2914505,Irará,29305,0.62,308.34,0.4943948112573706,0.14584048850912554,0.4413153941317368,0.7429728003829852,0.62,0.0027027080561247883,0,Seca (sertao) (baixa),0.5543795692549314,Estavel
2914604,Irecê,74050,0.691,488.15,0.9342800728124201,0.27369880507746536,0.5418141848118617,0.9804369307589419,0.691,0.003200070344365301,2,Seca (sertao) (moderada),0.9468883988738931,Estavel
2914653,Itabela,30901,0.599,365.39,0.1477406693159074,0.6688297963230425,0.3867721966010705,0.13874188908190999,0.599,0.0005223946154856852,1,Enchente / chuva extrema (moderada),0.43874188908191,Agravando
2914703,Itaberaba,64795,0.62,422.79,0.8684512639659223,0.12617188043364239,0.7189925018421319,1.0,0.62,0.0036376944818593705,2,Seca (sertao) (moderada),1.0,Estavel
2914802,Itabuna,214123,0.712,605.12,0.25870177705167197,0.6980534060455734,0.8300978768989741,0.3799397780010664,0.712,0.0012035182542155607,3,Enchente / chuva extrema (baixa),0.476342544661449,Agravando
2914901,Itacaré,29051,0.583,323.3,0.23856032891871023,0.6909563950090826,0.6371850615319388,0.28917395020484327,0.583,0.00111868682578685,1,Enchente / chuva extrema (moderada),0.32755168796017725,Estavel
2915007,Itaeté,16164,0.572,224.79,0.4772079568477627,0.3513556300576791,0.3958196174609725,0.5715357953322014,0.572,0.0022535402403782074,0,Seca (sertao) (baixa),0.5111069426334077,Estavel
2915106,Itagi,12140,0.543,234.8,0.4143631345416645,0.20820668160198763,0.25737456127849745,0.5700279816378113,0.543,0.002367632299911172,0,Seca (sertao) (baixa),0.5427949148925432,Estavel
2915205,Itagibá,14331,0.589,270.27,0.44339152246955743,0.1478554369497343,0.15080720873606937,0.5843247262282264,0.589,0.002237468244436217,0,Seca (sertao) (baixa),0.532252783755266,Estavel
2915304,Itagimirim,6784,0.634,339.65,0.28526729653552213,0.5781804628893822,0.35832027853464815,0.27687161469167226,0.634,0.0009849339019990249,3,Enchente / chuva extrema (baixa),0.5768716146916723,Agravando
2915353,Itaguaçu da Bahia,14650,0.562,245.68,0.9694714704106059,0.27925950931896226,0.6080444706746118,1.0,0.562,0.004013114908812828,2,Seca (sertao) (moderada),0.9225558134538473,Estavel
2915403,Itaju do Colônia,6515,0.592,276.93,0.3615921717721236,0.5539129920046117,0.5487067877513074,0.4240815362025464,0.592,0.0016156436144316175,1,Enchente / chuva extrema (moderada),0.5034356779381332,Estavel
2915502,Itajuípe,20309,0.599,354.2,0.2853300519453021,0.6444354395844145,0.7673021668053798,0.4068496375693678,0.599,0.0015318809725378899,1,Enchente / chuva extrema (moderada),0.4596850561875799,Estavel
2915601,Itamaraju,64423,0.627,432.95,0.14308991719911365,0.6267965387189645,0.49367849579942125,0.21041945925573213,0.627,0.000756896104629113,1,Enchente / chuva extrema (moderada),0.5104194592557321,Agravando
2915700,Itamari,7971,0.578,325.0,0.32921059880996406,0.34431889703846136,0.23375466752594598,0.41197963769272694,0.578,0.0016075549375387862,0,Seca (sertao) (baixa),0.35753798505678247,Estavel
2915809,Itambé,22474,0.578,312.32,0.5144097653756907,0.43484936680618824,0.48217634079261434,0.5751697538282534,0.578,0.0022443268868040465,0,Seca (sertao) (baixa),0.413357887852311,Estavel
2915908,Itanagra,6433,0.584,289.16,0.247025180035727,0.7192328106806313,0.1385577194089637,0.06141033914871542,0.584,0.00023716279477267916,1,Enchente / chuva extrema (moderada),0.0,Estavel
2916005,Itanhém,19231,0.637,388.04,0.27267495863031904,0.6372291936164318,0.365240155769182,0.2312788120741733,0.637,0.0008188688041459821,3,Enchente / chuva extrema (baixa),0.5312788120741733,Agravando
2916104,Itaparica,22440,0.67,476.99,0.07502073100542402,0.8316180706825415,0.07453326531073018,0.02,0.67,6.732449488814356e-05,3,Enchente / chuva extrema (baixa),0.0,Estavel
2916203,Itapé,8300,0.599,285.13,0.2572173029414975,0.6604753148370675,0.6724901642737031,0.3371733984766584,0.599,0.0012695341617067657,1,Enchente / chuva extrema (moderada),0.45916454615587626,Estavel
2916302,Itapebi,10173,0.572,273.69,0.3157831848837291,0.5559182862186922,0.3751770450194218,0.31892895205554234,0.572,0.0012575226838785587,1,Enchente / chuva extrema (moderada),0.6189289520555423,Agravando
2916401,Itapetinga,77408,0.667,506.76,0.49480505268900343,0.487317668937043,0.4717622363711587,0.5221601749755782,0.667,0.0017656142369360391,3,Enchente / chuva extrema (baixa),0.33520464762713,Estavel
2916500,Itapicuru,36173,0.486,185.7,0.5233473746788748,0.322103564928174,0.412253275013084,0.6282214444582136,0.486,0.00291537482051985,0,Seca (sertao) (baixa),0.49310915227873015,Estavel
2916609,Itapitanga,10284,0.571,225.1,0.3646867569715061,0.3813864229190366,0.3780379927635551,0.4711768992337588,0.571,0.0018610832152710977,0,Seca (sertao) (baixa),0.4657234789549606,Estavel
2916708,Itaquara,8375,0.553,229.04,0.3712049434169984,0.19205073747181906,0.41893229107518454,0.6227072427996585,0.553,0.0025396665363230236,0,Seca (sertao) (baixa),0.6060432256833153,Estavel
2916807,Itarantim,19937,0.61,352.74,0.41627350201286345,0.516987339626197,0.43704115006380295,0.4365783056209731,0.61,0.0016141735505234346,1,Enchente / chuva extrema (moderada),0.46284431980012825,Estavel
2916856,Itatim,14588,0.582,245.37,0.46476240214860615,0.254030829939709,0.36980111229868057,0.6191297642910106,0.582,0.002399256107924583,0,Seca (sertao) (baixa),0.45726828359164695,Estavel
2916906,Itiruçu,12482,0.6,309.83,0.35310980598190217,0.1336565211523233,0.4851993011336386,0.679557078353128,0.6,0.002554421735168104,0,Seca (sertao) (baixa),0.7113228971889765,Estavel
2917003,Itiúba,36140,0.544,205.18,0.7002955171086802,0.2969207202738218,0.6663317751746631,0.8678846924027375,0.544,0.0035981647077115183,2,Seca (sertao) (moderada),0.8390316029463507,Estavel
2917102,Itororó,20394,0.594,330.0,0.46838856931264233,0.4759104871226329,0.4896624765888755,0.5207195569909506,0.594,0.001977130586899978,0,Seca (sertao) (baixa),0.38396739591688056,Estavel
2917201,Ituaçu,19095,0.57,269.3,0.5312243741872031,0.32049138864167764,0.7661411504007994,0.7861187184934413,0.57,0.003110507068591175,2,Seca (sertao) (moderada),0.8098704909119702,Estavel
2917300,Ituberá,28870,0.606,337.03,0.10398232507356163,0.8595374776588994,0.21964849408173637,0.02,0.606,7.443467256609933e-05,1,Enchente / chuva extrema (moderada),0.0,Estavel
2917334,Iuiu,11038,0.591,249.32,0.7424662427601258,0.3988475054879002,0.5437409817498747,0.7724726990838341,0.591,0.00294790558105491,2,Seca (sertao) (moderada),0.9163778476150671,Estavel
2917359,Jaborandi,8176,0.613,281.14,0.8434919218690748,0.4701363932244564,0.6598027040480104,0.8381331359521115,0.613,0.003083688117298892,2,Seca (sertao) (moderada),1.0,Estavel
2917409,Jacaraci,14855,0.593,283.51,0.6582015378233761,0.3604698127224999,0.5993672299830094,0.768610526005362,0.593,0.002923274143123465,2,Seca (sertao) (moderada),0.8330551880050016,Estavel
2917508,Jacobina,80749,0.649,417.88,0.8466139138528783,0.4472705123175276,0.4360232665930761,0.7598595603778021,0.649,0.002640623877442433,2,Seca (sertao) (moderada),0.923673712857577,Agravando
2917607,Jaguaquara,54913,0.58,307.08,0.34603235159283435,0.17711871687025627,0.4405227114511177,0.6260632228004634,0.58,0.00243449064335057,0,Seca (sertao) (baixa),0.635991218801527,Estavel
2917706,Jaguarari,33915,0.659,439.23,0.7437487470443683,0.2228021558148654,0.5568291707101464,0.8996109168208776,0.659,0.003078840658759709,2,Seca (sertao) (moderada),0.7771465191336944,Estavel
2917805,Jaguaripe,19162,0.556,247.75,0.1782765432194596,0.7206332936567716,0.19057328875814103,0.03867469348421301,0.556,0.00015688087378880756,1,Enchente / chuva extrema (moderada),0.0,Estavel
2917904,Jandaíra,10742,0.55,192.11,0.25220665149149796,0.8255128779793965,0.08398963554055083,0.02,0.55,8.201347559101125e-05,1,Enchente / chuva extrema (moderada),0.0,Estavel
2918001,Jequié,156277,0.665,473.92,0.3539447152567487,0.21765738538540869,0.3398504878825673,0.560174690929202,0.665,0.0018998519050882265,3,Enchente / chuva extrema (baixa),0.5428795671423011,Estavel
2918100,Jeremoabo,40832,0.547,262.76,0.5214460110413284,0.30818643776181875,0.14955071627667907,0.5239018475831413,0.547,0.002160133113698822,0,Seca (sertao) (baixa),0.35800310966990134,Estavel
2918209,Jiquiriçá,14576,0.553,257.95,0.29578830535158906,0.42248659312325804,0.2710124893968149,0.3529311839158622,0.553,0.0014394043553855919,0,Seca (sertao) (baixa),0.19865580393512197,Estavel
2918308,Jitaúna,10470,0.575,266.56,0.3904507572746573,0.22966456723646222,0.22658317486707716,0.5267810622423577,0.575,0.0020662374073488108,0,Seca (sertao) (baixa),0.4919179699205217,Estavel
2918357,João Dourado,25606,0.593,283.12,0.9016114792379817,0.28819549607620715,0.4894275613340971,0.92708906437048,0.593,0.0035260192237177913,2,Seca (sertao) (moderada),0.8856503211020658,Estavel
2918407,Juazeiro,219544,0.677,476.58,0.867248310767815,0.11766001332158775,0.3202395504248333,0.9494377863191246,0.677,0.0031629749625115954,2,Seca (sertao) (moderada),0.6494377863191245,Melhorando
2918456,Jucuruçu,8856,0.541,188.8,0.2049713076732698,0.6379648627428106,0.4118344324537677,0.20734442910326908,0.541,0.000864396534321277,1,Enchente / chuva extrema (moderada),0.507344429103269,Agravando
2918506,Jussara,15241,0.571,236.05,0.9455205352762382,0.2772350275739045,0.5457037266578798,0.9868870580577654,0.571,0.0038980666117257447,2,Seca (sertao) (moderada),0.9449806705393211,Estavel
2918555,Jussari,5706,0.567,290.22,0.25870425161507554,0.6446090486192462,0.6244556683784188,0.3284089071429025,0.567,0.0013063206119408566,1,Enchente / chuva extrema (moderada),0.5698433275546875,Agravando
2918605,Jussiape,5777,0.602,334.07,0.4887251236787252,0.22767833353114067,0.553445765933943,0.7313059548009224,0.602,0.002739810522466333,0,Seca (sertao) (baixa),0.7704253651697703,Estavel
2918704,Lafaiete Coutinho,3663,0.599,288.05,0.3694663137968365,0.15270203703907942,0.4547830577995627,0.6639438258044275,0.599,0.0024998987824104944,0,Seca (sertao) (baixa),0.6785714277239226,Estavel
2918753,Lagoa Real,15870,0.545,223.11,0.6341376047082911,0.3650764391480982,0.628581879162507,0.7625499826074382,0.545,0.0031556565056904268,2,Seca (sertao) (moderada),0.8286184895880896,Estavel
2918803,Laje,24214,0.586,241.63,0.2627869713365679,0.542630445537679,0.240453495397171,0.23629328558585028,0.586,0.000909435024346693,1,Enchente / chuva extrema (moderada),0.0618604320572774,Estavel
2918902,Lajedão,3993,0.632,463.94,0.32888457082545536,0.6498063403424525,0.33579902098777376,0.24607085987133384,0.632,0.0008781344582946387,1,Enchente / chuva extrema (moderada),0.5460708598713339,Agravando
2919009,Lajedinho,3735,0.546,205.65,0.547633109852788,0.46266221038491084,0.3817910292748812,0.5343579776830774,0.546,0.002207280698513302,0,Seca (sertao) (baixa),0.4358035598751805,Estavel
2919058,Lajedo do Tabocal,8591,0.584,237.39,0.3682702001856379,0.14982486036900802,0.46669660446069394,0.6702579753106856,0.584,0.002588493352209157,0,Seca (sertao) (baixa),0.6882652539590943,Estavel
2919108,Lamarão,8078,0.518,180.82,0.6996066793615824,0.03520846864551575,0.5867016240812818,1.0,0.518,0.004353997256279555,2,Seca (sertao) (moderada),1.0,Estavel
2919157,Lapão,27323,0.596,244.43,0.9165848396716384,0.2914306522188432,0.526002570959639,0.9501540073241898,0.596,0.003595552673495066,2,Seca (sertao) (moderada),0.9111195578654122,Estavel
2919207,Lauro de Freitas,204669,0.754,1031.78,0.05816663950946102,0.8901797414481065,0.05292261518858687,0.02,0.754,5.9824153282567894e-05,3,Enchente / chuva extrema (baixa),0.0,Estavel
2919306,Lençóis,11586,0.623,362.74,0.27838538106089133,0.7518221209141301,0.047626943863313786,0.02018300301284451,0.623,7.306605326813617e-05,1,Enchente / chuva extrema (moderada),0.0,Estavel
2919405,Licínio de Almeida,12357,0.621,299.47,0.6977885401694638,0.3777982300281614,0.5140744832818313,0.7455388762477907,0.621,0.0027076754376903363,2,Seca (sertao) (moderada),0.8361325450256982,Estavel
2919504,Livramento de Nossa Senhora,46372,0.611,309.16,0.5730565040374855,0.32779115718830676,0.7002759188702514,0.779692816758163,0.611,0.0028780625849120565,2,Seca (sertao) (moderada),0.8245545976594985,Estavel
2919553,Luís Eduardo Magalhães,92671,0.716,871.12,0.8101902025900972,0.35401257306404293,0.352391965828066,0.7645878425579471,0.716,0.002408420286281116,3,Enchente / chuva extrema (baixa),0.5917188284118022,Estavel
2919603,Macajuba,11318,0.524,197.25,0.8074191466571136,0.22709891204852792,0.7705243505834228,1.0,0.524,0.00430414232586414,2,Seca (sertao) (moderada),1.0,Estavel
2919702,Macarani,19056,0.605,350.25,0.48139962136484815,0.4751618767693269,0.4581833050733903,0.5160772316452725,0.605,0.001923876701846192,0,Seca (sertao) (baixa),0.39782648896780703,Estavel
2919801,Macaúbas,50481,0.609,255.36,0.5994871853880321,0.3290901952180143,0.5410607846358215,0.7274795207330483,0.609,0.00269414763170199,2,Seca (sertao) (moderada),0.7792714736569889,Estavel
2919900,Macururé,7752,0.604,240.32,0.7081015607754042,0.18883638045702175,0.33200528014822595,0.8036427998816202,0.604,0.003000848222979368,0,Seca (sertao) (baixa),0.5036427998816202,Melhorando
2919926,Madre de Deus,21754,0.708,517.74,0.15371788357684082,0.6431665365557341,0.1528713472910551,0.05987706498024928,0.708,0.00019074148403746383,3,Enchente / chuva extrema (baixa),0.0,Estavel
2919959,Maetinga,2386,0.538,268.47,0.5975381708924805,0.33779954001446644,0.7714579028428974,0.8190490209133614,0.538,0.0034335670340600185,2,Seca (sertao) (moderada),0.840842018218427,Estavel
2920007,Maiquinique,10294,0.576,306.24,0.45180055791679263,0.4937236176245247,0.44829526120931146,0.4801329735849119,0.576,0.0018799961501953302,0,Seca (sertao) (baixa),0.4254297974016453,Estavel
2920106,Mairi,18535,0.572,286.58,0.8112124278501756,0.2659271187257461,0.6718800783958794,0.9626296705242262,0.572,0.0037956060089770114,2,Seca (sertao) (moderada),1.0,Estavel
2920205,Malhada,16875,0.562,218.66,0.7514547047882556,0.40737895084376446,0.5686834151917659,0.7830811488231509,0.562,0.003142594633152464,2,Seca (sertao) (moderada),0.940100980407391,Estavel
2920304,Malhada de Pedras,8326,0.578,244.02,0.5995893063149786,0.3633543875846962,0.9201949599362632,0.8666187546549016,0.578,0.0033815682391765823,2,Seca (sertao) (moderada),0.9107429003374882,Estavel
2920403,Manoel Vitorino,12944,0.566,226.95,0.4751789655431043,0.21456603195220264,0.47722835162853333,0.6989302214425778,0.566,0.0027850647668600285,0,Seca (sertao) (baixa),0.6788746123306164,Estavel
2920452,Mansidão,13822,0.599,182.65,0.934770940408096,0.30052877365335173,0.4209280837830581,0.9105218926028398,0.599,0.0034283210148360103,2,Seca (sertao) (moderada),0.7139207799917205,Estavel
2920502,Maracás,19973,0.607,290.11,0.43246325834423005,0.13417013884414017,0.4523610861623681,0.716002663879089,0.607,0.0026603811242529394,0,Seca (sertao) (baixa),0.7230556266831839,Estavel
2920601,Maragogipe,44902,0.621,300.1,0.2504732404682724,0.3140647831659038,0.2647174233340066,0.3955162052840509,0.621,0.0014364502621861594,0,Seca (sertao) (baixa),0.11692766427433376,Estavel
2920700,Maraú,20664,0.593,437.51,0.15111667441966248,0.7732061144871661,0.34269345288665926,0.05044149510220143,0.593,0.0001918453018580254,1,Enchente / chuva extrema (moderada),0.0661452244343791,Estavel
2920809,Marcionílio Souza,10357,0.561,201.52,0.5336013349602495,0.2676517742241515,0.47437726684650444,0.6987680337160106,0.561,0.0028092350527915175,0,Seca (sertao) (baixa),0.6524149629468243,Estavel
2920908,Mascote,13619,0.581,272.97,0.2884204998268095,0.6058964607828384,0.47186485179668797,0.3085762001789181,0.581,0.0011978548763973656,1,Enchente / chuva extrema (moderada),0.6085762001789181,Agravando
2921005,Mata de São João,47643,0.668,451.9,0.23991305929672718,0.6380751878051925,0.1739799501032163,0.12768382004497036,0.668,0.0004310992980721473,3,Enchente / chuva extrema (baixa),0.0,Estavel
2921054,Matina,12359,0.572,227.07,0.7364058380668226,0.3866337180793156,0.46709163460719577,0.7440952660365582,0.572,0.002933934564349822,2,Seca (sertao) (moderada),0.8692654854836965,Estavel
2921104,Medeiros Neto,22741,0.625,392.49,0.29483509510214456,0.6449564275972768,0.35710386769268176,0.23670018187458525,0.625,0.0008541546018966058,1,Enchente / chuva extrema (moderada),0.5367001818745852,Agravando
2921203,Miguel Calmon,25771,0.586,279.05,0.837427082936316,0.41005956970989377,0.47392026918588365,0.7957323146693538,0.586,0.003062578926737429,2,Seca (sertao) (moderada),0.9219908110852438,Estavel
2921302,Milagres,10838,0.622,313.88,0.40312236727268913,0.2527410280314329,0.3012884039223223,0.5511158328035457,0.622,0.0019983447504661887,0,Seca (sertao) (baixa),0.3715222259100208,Estavel
2921401,Mirangaba,18603,0.542,193.47,0.8435314723075656,0.30351642472928403,0.44515333029219284,0.860361753865392,0.542,0.0035801376139338956,2,Seca (sertao) (moderada),0.8913305847363501,Estavel
2921450,Mirante,8264,0.527,208.18,0.5181818104216163,0.2563553019138521,0.5544579703839408,0.7309643092941082,0.527,0.0031282645110062624,0,Seca (sertao) (baixa),0.7106271081231285,Estavel
2921500,Monte Santo,49145,0.506,197.43,0.6698791504044554,0.23781721826837735,0.6885670861496728,0.8984408748135491,0.506,0.004004579280243902,2,Seca (sertao) (moderada),0.9752074099089608,Estavel
2921609,Morpará,8476,0.558,224.53,0.8995903088493289,0.3373392213959477,0.7621475801834002,1.0,0.558,0.004041882757621522,2,Seca (sertao) (moderada),1.0,Estavel
2921708,Morro do Chapéu,35466,0.588,250.88,0.8157205330321284,0.3597703732299305,0.4326269466751121,0.7985893658552993,0.588,0.0030631206807056215,2,Seca (sertao) (moderada),0.7807703519233199,Estavel
2921807,Mortugaba,12063,0.618,330.3,0.6467729798330741,0.3545849776239076,0.605036479476925,0.7677487621186281,0.618,0.002801873737793274,2,Seca (sertao) (moderada),0.8207257883928197,Estavel
2921906,Mucugê,8725,0.606,312.35,0.44071650450078087,0.2595625024544826,0.42453054108323074,0.6233868660099773,0.606,0.0023200798626729744,0,Seca (sertao) (baixa),0.6170364581409427,Estavel
2922003,Mucuri,42729,0.665,546.41,0.4384480823105825,0.676196935487964,0.2716338553405144,0.27071110615178706,0.665,0.0009181261115133371,3,Enchente / chuva extrema (baixa),0.27325543492686843,Estavel
2922052,Mulungu do Morro,10469,0.566,199.94,0.5762072317793138,0.48536681699043943,0.32846311354627483,0.5142451855603518,0.566,0.002049140391834093,0,Seca (sertao) (baixa),0.4068124417246488,Estavel
2922102,Mundo Novo,27153,0.59,346.89,0.7896991079572381,0.2660799416311916,0.7033106046121563,0.9622083212332687,0.59,0.0036781971836282144,2,Seca (sertao) (moderada),0.9684810916019484,Estavel
2922201,Muniz Ferreira,7464,0.617,297.78,0.23986607617131817,0.4889837594865807,0.23601021124263927,0.2564744895624633,0.617,0.0009375121846998773,1,Enchente / chuva extrema (moderada),0.021460982412153218,Estavel
2922250,Muquém do São Francisco,11479,0.549,166.67,0.8393876017061027,0.32021185821345954,0.7927177737044798,0.9952878928861536,0.549,0.004088785120226427,2,Seca (sertao) (moderada),1.0,Estavel
2922300,Muritiba,29420,0.66,401.14,0.27438711590651627,0.1324136761395831,0.3084202533046683,0.5541353570625025,0.66,0.001893606940856744,3,Enchente / chuva extrema (baixa),0.2541353570625025,Estavel
2922409,Mutuípe,22340,0.601,374.8,0.27950867711651556,0.48091999428079707,0.2572698571967708,0.2965363791354845,0.601,0.0011128110233478538,1,Enchente / chuva extrema (moderada),0.13760144073462222,Estavel
2922508,Nazaré,28661,0.641,421.82,0.23020159290310963,0.45786359764862306,0.23335849184643742,0.27047825684512095,0.641,0.0009516828434958369,3,Enchente / chuva extrema (baixa),0.020655715794949348,Estavel
2922607,Nilo Peçanha,14156,0.547,218.32,0.13504343835251173,0.8329317234261439,0.17949803131735237,0.02,0.547,8.246327527432577e-05,1,Enchente / chuva extrema (moderada),0.0,Estavel
2922656,Nordestina,13197,0.56,187.22,0.6819528398452069,0.3025934254864205,0.7178772795857531,0.8743365560972457,0.56,0.0035213445438388984,2,Seca (sertao) (moderada),0.7316654883362288,Estavel
2922706,Nova Canaã,16482,0.545,251.9,0.4799180135265989,0.42825914806972626,0.4891280926543498,0.5605543529464495,0.545,0.0023197390741784224,0,Seca (sertao) (baixa),0.45957087938953667,Estavel
2922730,Nova Fátima,7830,0.597,287.32,0.7162962885881169,0.1979553337498319,0.62387939372005,0.9277955721789601,0.597,0.003505063377871952,2,Seca (sertao) (moderada),0.899132675979222,Estavel
2922755,Nova Ibiá,6518,0.57,378.1,0.32461913901821954,0.3692748104715714,0.20062748104984215,0.3777205691999982,0.57,0.0014945611557253345,0,Seca (sertao) (baixa),0.32111441979371147,Estavel
2922805,Nova Itarana,8328,0.524,188.86,0.48220794768386593,0.23732213190245788,0.4365371809672306,0.670386680099081,0.524,0.0028854396845099974,0,Seca (sertao) (baixa),0.5979467157192775,Estavel
2922854,Nova Redenção,9126,0.567,222.33,0.410430356608034,0.5207785217715417,0.2612243307418238,0.3548450736943833,0.567,0.001411476436024135,1,Enchente / chuva extrema (moderada),0.2072680151557004,Estavel
2922904,Nova Soure,27047,0.555,241.71,0.6221177049439975,0.1906904973945955,0.5790909506752657,0.8531885461801572,0.555,0.003467128549880377,2,Seca (sertao) (moderada),0.7583187352677532,Estavel
2923001,Nova Viçosa,44170,0.654,476.79,0.43872683287510933,0.7054206672214111,0.2638353220020442,0.2475089524729515,0.654,0.0008535541427911655,3,Enchente / chuva extrema (baixa),0.17580732928476336,Estavel
2923035,Novo Horizonte,12653,0.597,257.12,0.48068675207870115,0.28650574501309867,0.45098692269728946,0.6418848649297126,0.597,0.002424938424303509,0,Seca (sertao) (baixa),0.6507194436110767,Estavel
2923050,Novo Triunfo,15445,0.554,194.56,0.5539115944582571,0.27089104460186086,0.30046516768418097,0.6349984415970986,0.554,0.002585120582548701,0,Seca (sertao) (baixa),0.5464403729872451,Estavel
2923100,Olindina,28373,0.559,222.62,0.560806605557628,0.283414831818095,0.4994781713410486,0.7161660289982285,0.559,0.0028894808431213516,0,Seca (sertao) (baixa),0.6052850646415804,Estavel
2923209,Oliveira dos Brejinhos,21797,0.554,220.72,0.7720912271729936,0.34531977482507514,0.7067443502742448,0.8980611073386179,0.554,0.0036560660639236237,2,Seca (sertao) (moderada),0.9672648851316977,Estavel
2923308,Ouriçangas,8575,0.607,281.59,0.48555543765921066,0.19081138546955895,0.4238428468370996,0.6989795055352126,0.607,0.0025971298384436657,0,Seca (sertao) (baixa),0.5314392253484029,Estavel
2923357,Ourolândia,17567,0.56,239.93,0.9204315288300844,0.2070990539537628,0.3616681773362748,0.9399775861365337,0.56,0.0037857103436775403,2,Seca (sertao) (moderada),0.8867722667370693,Estavel
2923407,Palmas de Monte Alto,21840,0.586,262.69,0.7443213602911247,0.3964314096754824,0.4665845069846644,0.7422352330395695,0.586,0.0028566817527494546,2,Seca (sertao) (moderada),0.8722099522076482,Estavel
2923506,Palmeiras,9123,0.643,350.79,0.2836961170846957,0.7318736665624453,0.060189451490780234,0.042652116246040345,0.643,0.0001496054869406907,3,Enchente / chuva extrema (baixa),0.0,Estavel
2923605,Paramirim,21777,0.615,343.78,0.5583819876303734,0.28531965030910017,0.5508005295939629,0.7353116493260057,0.615,0.002696585788787116,2,Seca (sertao) (moderada),0.788407119242095,Estavel
2923704,Paratinga,32274,0.59,201.79,0.7571541739431138,0.34246272072304534,0.7003431406537212,0.8876982456401814,0.59,0.003393370349198898,2,Seca (sertao) (moderada),0.9801415675757513,Estavel
2923803,Paripiranga,29124,0.577,273.23,0.5370933594789202,0.32797676853667246,0.3413918448485015,0.602623655704168,0.577,0.0023555280123667994,0,Seca (sertao) (baixa),0.5003451353943233,Estavel
2923902,Pau Brasil,9550,0.583,296.08,0.3131468873239799,0.6160073380144958,0.518784879975898,0.33761589481957743,0.583,0.0013060874032510773,1,Enchente / chuva extrema (moderada),0.5128630897815084,Agravando
2924009,Paulo Afonso,119213,0.674,544.73,0.5791394490428728,0.26991156106525543,0.2527119303483588,0.631369275279278,0.674,0.002112717637675619,3,Enchente / chuva extrema (baixa),0.38766185432132755,Estavel
2924058,Pé de Serra,13535,0.587,257.45,0.7100256025145464,0.12737204408435018,0.6436842051610412,0.9806618495180202,0.587,0.00376789758621509,2,Seca (sertao) (moderada),0.944578910497041,Estavel
2924108,Pedrão,7438,0.588,221.53,0.4526184137356924,0.20745381617851708,0.4020012011262053,0.6570855250654711,0.588,0.0025203594574098732,0,Seca (sertao) (baixa),0.4581848140035842,Estavel
2924207,Pedro Alexandre,16698,0.513,167.65,0.523021694933553,0.31439467240461705,0.20644801069242022,0.5450521457702001,0.513,0.0023962857182382004,0,Seca (sertao) (baixa),0.4086406509796281,Estavel
2924306,Piatã,16854,0.571,234.44,0.4760236492519144,0.1164169551431852,0.49833067445205936,0.7758151758889618,0.571,0.0030643620354639236,0,Seca (sertao) (baixa),0.8441639856646151,Estavel
2924405,Pilão Arcado,35295,0.506,195.98,0.9892464765937107,0.2539560408960162,0.5987326620558743,1.0,0.506,0.004457254108207133,2,Seca (sertao) (moderada),0.867652332640739,Estavel
2924504,Pindaí,16308,0.603,270.15,0.742264979679798,0.3986919711585174,0.42647325815203685,0.7221677660216486,0.603,0.0027010877817725855,2,Seca (sertao) (moderada),0.8418716453827926,Estavel
2924603,Pindobaçu,20048,0.577,212.52,0.7542486473504028,0.3046074853973707,0.5576981430521493,0.8506265395962326,0.577,0.0033249186670912564,2,Seca (sertao) (moderada),0.9278517650322153,Estavel
2924652,Pintadas,10353,0.612,281.74,0.8028415309909906,0.2238653781395418,0.69047465874896,0.9940749040420032,0.612,0.003663410607275909,2,Seca (sertao) (moderada),1.0,Estavel
2924678,Piraí do Norte,10050,0.533,238.62,0.2237581623909566,0.5967520091046089,0.19978649888807448,0.1567242542093617,0.533,0.000663173118050226,1,Enchente / chuva extrema (moderada),0.10229452796558938,Estavel
2924702,Piripá,10253,0.575,241.1,0.6039716563278129,0.3345366102000328,0.6742220894060232,0.7837179440548608,0.575,0.0030740424227164755,2,Seca (sertao) (moderada),0.7963781219440701,Estavel
2924801,Piritiba,25162,0.578,271.4,0.783370742830555,0.3482805795306589,0.5858149787302981,0.8514104421565679,0.578,0.0033222250202125333,2,Seca (sertao) (moderada),0.891043343928059,Estavel
2924900,Planaltino,9415,0.572,282.33,0.48830914353100047,0.1527771374753692,0.48712095208379824,0.7539555569389291,0.572,0.002972813253159527,0,Seca (sertao) (baixa),0.7460809642540813,Estavel
2925006,Planalto,26581,0.56,256.26,0.5377991216631933,0.3118349777123687,0.5081158493145983,0.6856322341311898,0.56,0.00276134780125722,0,Seca (sertao) (baixa),0.6266830281462126,Estavel
2925105,Poções,46885,0.604,300.74,0.5027156177222558,0.29862331739624604,0.47314449074576087,0.6572013958329912,0.604,0.0024540276365513374,0,Seca (sertao) (baixa),0.6000863777200834,Estavel
2925204,Pojuca,40401,0.666,443.8,0.2833828333826765,0.5549891560473439,0.21681768142710775,0.2308902251474739,0.666,0.0007818964275063434,3,Enchente / chuva extrema (baixa),0.0,Estavel
2925253,Ponto Novo,14729,0.58,229.61,0.7582139706946837,0.34303501474641807,0.5708343084642296,0.8324540321050299,0.58,0.0032370557451272953,2,Seca (sertao) (moderada),0.8668986163262806,Estavel
2925303,Porto Seguro,152529,0.676,527.04,0.10806054209097274,0.7467818576934268,0.2613960196419946,0.02,0.676,6.672694019978726e-05,3,Enchente / chuva extrema (baixa),0.32,Agravando
2925402,Potiraguá,6623,0.625,323.92,0.3331198727033227,0.5871862141961085,0.4657485257313991,0.3474415728678737,0.625,0.0012537752020508844,1,Enchente / chuva extrema (moderada),0.5387125906455404,Agravando
2925501,Prado,28214,0.621,369.96,0.18126952830613072,0.6376666752601433,0.456056098139549,0.21131379559959074,0.621,0.0007674571940095038,1,Enchente / chuva extrema (moderada),0.5113137955995908,Agravando
2925600,Presidente Dutra,15180,0.614,280.86,0.9292617079401283,0.27912890639580545,0.5414783244536473,0.9733522447577243,0.614,0.0035753583315791125,2,Seca (sertao) (moderada),0.937577988019963,Estavel
2925709,Presidente Jânio Quadros,12028,0.542,220.1,0.6038588824259551,0.34488897481347786,0.7762253232123904,0.8202849935876226,0.542,0.0034133701858486366,2,Seca (sertao) (moderada),0.8506933858486788,Estavel
2925758,Presidente Tancredo Neves,28272,0.559,270.35,0.24032228502523068,0.6349596470001074,0.2265630217880252,0.15262912542235232,0.559,0.0006158054363834452,1,Enchente / chuva extrema (moderada),0.03529379930888257,Estavel
2925808,Queimadas,25428,0.592,245.7,0.6836851823056055,0.3257131058687711,0.7080714983175664,0.8553908994709419,0.592,0.0032588234256751094,2,Seca (sertao) (moderada),0.6768555054274434,Estavel
2925907,Quijingue,27672,0.544,228.71,0.6597453138823456,0.15643509925210702,0.7741668941597103,0.9844462225896293,0.544,0.00408141736542829,2,Seca (sertao) (moderada),1.0,Estavel
2925931,Quixabeira,8939,0.578,241.1,0.7922580792628293,0.36018822886845675,0.5592432857412082,0.8375507532694162,0.578,0.0032681441645953197,2,Seca (sertao) (moderada),0.9075548908893526,Estavel
2925956,Rafael Jambeiro,22643,0.564,226.94,0.4910680988786694,0.16038943425318444,0.4326467080423895,0.727147496892825,0.564,0.002907778494513879,0,Seca (sertao) (baixa),0.5382215201656294,Estavel
2926004,Remanso,41324,0.579,275.22,0.9990455821985793,0.32141216480832363,0.9632892413188319,1.0,0.579,0.003895285973666338,2,Seca (sertao) (moderada),0.9475016777590829,Estavel
2926103,Retirolândia,14588,0.636,293.01,0.7020813823409154,0.1417307914674971,0.6321796981024519,0.9607904384369322,0.636,0.0034071359861598577,2,Seca (sertao) (moderada),0.9541555419652646,Estavel
2926202,Riachão das Neves,22330,0.578,212.09,0.7718371133358901,0.4494678458462131,0.4398945409560297,0.7120690379859403,0.578,0.0027785113465645444,2,Seca (sertao) (moderada),0.4987278783117509,Estavel
2926301,Riachão do Jacuípe,33498,0.628,311.47,0.6459605320547755,0.08972853818614417,0.581718536068175,0.9388259409958011,0.628,0.0033716566972800174,2,Seca (sertao) (moderada),0.8964840736431601,Estavel
2926400,Riacho de Santana,35757,0.615,281.05,0.7240415254546275,0.3678280299691822,0.5427174354653785,0.7814888561777714,0.615,0.002865930038774848,2,Seca (sertao) (moderada),0.9122576849717634,Estavel
2926509,Ribeira do Amparo,14631,0.512,183.12,0.5902398215163938,0.2692213867149052,0.5161376271030382,0.7519123429336712,0.512,0.0033121894063548726,0,Seca (sertao) (baixa),0.5941230064420114,Estavel
2926608,Ribeira do Pombal,54097,0.601,332.86,0.6271200344641931,0.17379699015954456,0.6086404809210273,0.8806490890854782,0.601,0.0033048087283341922,2,Seca (sertao) (moderada),0.8169270221177076,Estavel
2926657,Ribeirão do Largo,4896,0.54,271.68,0.5199044583654909,0.3984393981154716,0.4757014360929389,0.6008805638880061,0.54,0.002509645083587791,0,Seca (sertao) (baixa),0.5222582114782685,Estavel
2926707,Rio de Contas,12878,0.605,294.83,0.5055808944191297,0.24226488229258575,0.5890051168861735,0.7473593444821149,0.605,0.0027860698798362776,2,Seca (sertao) (moderada),0.7904034538217463,Estavel
2926806,Rio do Antônio,15521,0.576,252.98,0.6167975367929349,0.36697142054275145,0.7564576668613512,0.8049640513655428,0.576,0.0031518962472283176,2,Seca (sertao) (moderada),0.8594022519233399,Estavel
2926905,Rio do Pires,11672,0.594,274.58,0.49621648832525256,0.2064833697951213,0.49775647264241013,0.7267625724540838,0.594,0.002759459467427016,0,Seca (sertao) (baixa),0.7732741674509122,Estavel
2927002,Rio Real,41209,0.572,274.86,0.3592327847222564,0.6335925868716086,0.2152961951048374,0.22497603852692025,0.572,0.0008870705213600954,1,Enchente / chuva extrema (moderada),0.0,Estavel
2927101,Rodelas,9548,0.632,271.59,0.6858547490380804,0.20326945321001774,0.32272154380057955,0.775502412135446,0.632,0.0027674767786109505,0,Seca (sertao) (baixa),0.47550241213544603,Estavel
2927200,Ruy Barbosa,30900,0.61,301.42,0.7720014456275398,0.25355609970662907,0.6747505519271024,0.9472020555816456,0.61,0.003502117456218077,2,Seca (sertao) (moderada),0.9473559696516027,Estavel
2927309,Salinas da Margarida,16047,0.617,286.45,0.14743011620092608,0.6542513555663575,0.14854129414948922,0.046388736190058205,0.617,0.00016956854260710368,1,Enchente / chuva extrema (moderada),0.0,Estavel
2927408,Salvador,2900319,0.759,973.0,0.033880063520624094,0.9263436222187976,0.03320761031258899,0.02,0.759,5.943005477609511e-05,3,Enchente / chuva extrema (baixa),0.0,Estavel
2927507,Santa Bárbara,20971,0.583,251.87,0.582702779187238,0.07957441021386072,0.5138114583155433,0.8761122244109333,0.583,0.003389292855269465,0,Seca (sertao) (baixa),0.783366595674045,Estavel
2927606,Santa Brígida,13917,0.546,220.77,0.5414220983207113,0.2952429711377446,0.1884661811781648,0.5622706160973716,0.546,0.0023225798623502337,0,Seca (sertao) (baixa),0.35956507869066234,Estavel
2927705,Santa Cruz Cabrália,28058,0.654,388.28,0.2897760849767055,0.5728555315828423,0.2770648214758337,0.24857241459142052,0.654,0.0008572215757783416,3,Enchente / chuva extrema (baixa),0.5485724145914205,Agravando
2927804,Santa Cruz da Vitória,6241,0.61,282.42,0.395276008203648,0.4914070969934267,0.5466946330543027,0.4876720875784437,0.61,0.0018030840629563697,1,Enchente / chuva extrema (moderada),0.47765408260578174,Estavel
2927903,Santa Inês,10583,0.574,280.25,0.38656774407079225,0.24760883140851742,0.35495294267284344,0.567031017488671,0.574,0.0022279879339446316,0,Seca (sertao) (baixa),0.48176108588046457,Estavel
2928000,Santaluz,37704,0.598,260.09,0.6942159125143633,0.2821162805038459,0.6978648054687324,0.887658087050577,0.598,0.003347822631314167,2,Seca (sertao) (moderada),0.7861752747455455,Estavel
2928059,Santa Luzia,12308,0.556,267.88,0.14398019318287253,0.7521185169980482,0.5942959949445248,0.1682075550995551,0.556,0.000682320810963091,1,Enchente / chuva extrema (moderada),0.4682075550995551,Agravando
2928109,Santa Maria da Vitória,39707,0.614,318.31,0.8684099579636354,0.5558675436905457,0.7219257880340575,0.8219661716775309,0.614,0.0030192806520058374,2,Seca (sertao) (moderada),1.0,Agravando
2928208,Santana,26792,0.608,304.18,0.8429252121283329,0.46337931767893636,0.7006557224857887,0.8599198364623004,0.608,0.003189864965860197,2,Seca (sertao) (moderada),1.0,Agravando
2928307,Santanópolis,8987,0.592,263.19,0.5333988243006905,0.11374017438905591,0.4712258360217081,0.8028150214753877,0.592,0.003058522600703369,0,Seca (sertao) (baixa),0.657549930855428,Estavel
2928406,Santa Rita de Cássia,28613,0.605,267.32,0.9580215763870353,0.33337964061562125,0.4659560151824919,0.922212622968634,0.605,0.003437902838343661,2,Seca (sertao) (moderada),0.7986026871146296,Estavel
2928505,Santa Terezinha,10520,0.587,243.04,0.3913896351990247,0.2506552986606839,0.3069864700701987,0.5474665779471619,0.587,0.0021034753198509552,0,Seca (sertao) (baixa),0.33502507255700936,Estavel
2928604,Santo Amaro,60190,0.646,392.75,0.3049405529724869,0.3159016395653194,0.3039447785449341,0.44599909929080983,0.646,0.001557110288994962,3,Enchente / chuva extrema (baixa),0.1895655153340951,Estavel
2928703,Santo Antônio de Jesus,103204,0.7,540.38,0.2640372680556675,0.45837919898191565,0.24165089951901597,0.29537446762134434,0.7,0.000951684119982792,3,Enchente / chuva extrema (baixa),0.06690267807656133,Estavel
2928802,Santo Estêvão,53666,0.626,358.13,0.3617326729467233,0.15714356243201727,0.3524072465074784,0.6120429165342517,0.626,0.002205085602053375,0,Seca (sertao) (baixa),0.3498066059142185,Estavel
2928901,São Desidério,34764,0.579,302.2,0.8211938111972917,0.4139046836680378,0.557572972265784,0.8185567714410377,0.579,0.0031885127104438766,2,Seca (sertao) (moderada),0.8698406430958885,Estavel
2928950,São Domingos,9085,0.64,335.76,0.7106870788420244,0.22347418694031623,0.6403064562569719,0.9137460613329171,0.64,0.003220056223721127,2,Seca (sertao) (moderada),0.8541605104803407,Estavel
2929008,São Félix,14784,0.639,299.65,0.27399223266682454,0.1536889683227326,0.30460117592942365,0.5376574003115837,0.639,0.0018976786887503403,0,Seca (sertao) (baixa),0.23765740031158372,Estavel
2929057,São Félix do Coribe,15543,0.639,335.9,0.8486083110125165,0.5010846952777279,0.6832805990298935,0.830261079877954,0.639,0.0029304325700160775,2,Seca (sertao) (moderada),1.0,Agravando
2929107,São Felipe,21083,0.616,268.96,0.2675837260570397,0.24696891124104617,0.2838012412587666,0.4606732834484349,0.616,0.001686670405693269,0,Seca (sertao) (baixa),0.17364134903450734,Estavel
2929206,São Francisco do Conde,40664,0.674,433.23,0.2019665440330833,0.5360232472880987,0.19958278169735907,0.18430312585225345,0.674,0.0006167238095242562,3,Enchente / chuva extrema (baixa),0.0,Estavel
2929255,São Gabriel,18785,0.592,245.38,0.94009186295268,0.2738104822911796,0.5313235892672726,0.9795884464125933,0.592,0.0037319847319681357,2,Seca (sertao) (moderada),0.94214876451204,Estavel
2929305,São Gonçalo dos Campos,38315,0.627,419.27,0.4086644019692281,0.1455481938327562,0.388855280432144,0.6657122533983766,0.627,0.0023946217388037217,0,Seca (sertao) (baixa),0.40502230572088704,Estavel
2929354,São José da Vitória,5562,0.546,250.42,0.21469056142618562,0.6923864918845998,0.669879555826027,0.28690795925684376,0.546,0.001185135110106035,1,Enchente / chuva extrema (moderada),0.5723509896017345,Agravando
2929370,São José do Jacuípe,10546,0.552,253.57,0.7576254507504455,0.30731728676739034,0.624532176248871,0.8795910280871057,0.552,0.0035938473298597717,2,Seca (sertao) (moderada),0.8823579962524366,Estavel
2929404,São Miguel das Matas,11733,0.593,274.08,0.32656682171263657,0.3493910310829976,0.2451615923903628,0.411697998318018,0.593,0.0015658204936557867,0,Seca (sertao) (baixa),0.20124080175519246,Estavel
2929503,São Sebastião do Passé,44554,0.657,411.75,0.26836634866462267,0.4831257602654935,0.2395946465617188,0.28030115315010523,0.657,0.0009622267488664121,3,Enchente / chuva extrema (baixa),0.04331515837244215,Estavel
2929602,Sapeaçu,17421,0.614,338.34,0.2781913193304321,0.17893864311676677,0.2995477468893164,0.520870642298228,0.614,0.0019132839120122183,0,Seca (sertao) (baixa),0.220870642298228,Estavel
2929701,Sátiro Dias,17330,0.527,208.2,0.6317149757105284,0.15427401409081365,0.5534212098075504,0.8733037910122868,0.527,0.0037374263312379584,0,Seca (sertao) (baixa),0.8425933513595344,Estavel
2929750,Saubara,12163,0.617,265.17,0.1997755162003127,0.5043658791053278,0.20354869961188335,0.20630444078749466,0.617,0.0007541215008398161,1,Enchente / chuva extrema (moderada),0.0,Estavel
2929800,Saúde,12971,0.549,238.81,0.8097320963338562,0.37907997546445404,0.493862647602441,0.8077672577483772,0.549,0.003318423511121179,2,Seca (sertao) (moderada),0.9054937582390136,Estavel
2929909,Seabra,44370,0.635,310.95,0.45151945494816814,0.49981200891636324,0.2873619209140743,0.40677263768495314,0.635,0.0014447606917737316,3,Enchente / chuva extrema (baixa),0.28171429348135923,Estavel
2930006,Sebastião Laranjeiras,11586,0.615,276.29,0.7306217178024871,0.3921111863435838,0.4686151094780348,0.7372843850412407,0.615,0.002703820341781906,2,Seca (sertao) (moderada),0.8585508803762448,Estavel
2930105,Senhor do Bonfim,79813,0.666,422.89,0.700348399918083,0.2648325636020764,0.6130905561743918,0.8670905699061564,0.666,0.0029363521929134406,2,Seca (sertao) (moderada),0.9728309367401501,Estavel
2930154,Serra do Ramalho,31362,0.595,216.59,0.7954450384046972,0.4210381092836841,0.6477554628219567,0.8358255384897867,0.595,0.0031682291234959477,2,Seca (sertao) (moderada),1.0,Estavel
2930204,Sento Sé,41279,0.585,222.84,0.9569146461956913,0.22769538759968974,0.5538748156660549,1.0,0.585,0.0038553343226543756,2,Seca (sertao) (moderada),0.9285599811279921,Estavel
2930303,Serra Dourada,17261,0.608,228.74,0.847400205550734,0.42263580172750126,0.7692564712940045,0.9201393584455421,0.608,0.00341324874570816,2,Seca (sertao) (moderada),1.0,Estavel
2930402,Serra Preta,14531,0.566,232.52,0.5340984340435451,0.09564480030259646,0.4802897544443611,0.8195569784979282,0.566,0.0032657326800632092,0,Seca (sertao) (baixa),0.6682919635481306,Estavel
2930501,Serrinha,81693,0.634,367.73,0.7544069236908713,0.0007512628702783565,0.6226563982557597,1.0,0.634,0.0035573668434586902,2,Seca (sertao) (moderada),1.0,Agravando
2930600,Serrolândia,13490,0.59,261.29,0.8201926703976341,0.39247495923825,0.5248725565485353,0.8185865618009962,0.59,0.0031291797417769243,2,Seca (sertao) (moderada),0.9260033023259162,Estavel
2930709,Simões Filho,137117,0.675,431.97,0.08492920844506248,0.8326471002847492,0.07845137677825924,0.02,0.675,6.682579492600917e-05,3,Enchente / chuva extrema (baixa),0.0,Estavel
2930758,Sítio do Mato,13104,0.564,135.49,0.7940367662399763,0.35228878012654313,0.7219127628562345,0.9138574430532892,0.564,0.003654409911767127,2,Seca (sertao) (moderada),1.0,Estavel
2930766,Sítio do Quinto,9431,0.533,247.62,0.5253422319816441,0.3086335792344653,0.21051001296172378,0.5522317448333712,0.533,0.0023367490242974,0,Seca (sertao) (baixa),0.4185925318078967,Estavel
2930774,Sobradinho,23274,0.631,344.74,0.913509500170296,0.19528219328806162,0.4292254405484713,0.9726090626628647,0.631,0.003476376964434505,2,Seca (sertao) (moderada),0.6726090626628647,Estavel
2930808,Souto Soares,17118,0.592,220.67,0.5963177047473442,0.44511548844542775,0.3762289367622841,0.5752184009077395,0.592,0.0021914369218995846,0,Seca (sertao) (baixa),0.47666779805675863,Estavel
2930907,Tabocas do Brejo Velho,12515,0.584,216.5,0.8493374784857171,0.39590781936370656,0.7205876518952076,0.9188388477224023,0.584,0.003548496753027807,2,Seca (sertao) (moderada),1.0,Estavel
2931004,Tanhaçu,20383,0.577,268.62,0.5590923166224487,0.31004179869217785,0.7976368568650072,0.8246560490725369,0.577,0.00322340552975517,2,Seca (sertao) (moderada),0.8464734656723879,Estavel
2931053,Tanque Novo,17518,0.599,301.39,0.6203441483676628,0.340130184622301,0.5217782934745421,0.7250146725441734,0.599,0.0027298443432725063,2,Seca (sertao) (moderada),0.7922372487960194,Estavel
2931103,Tanquinho,7936,0.597,273.12,0.5833319732365626,0.06585177118005388,0.5145819289384144,0.8862548086981831,0.597,0.0033481290130922643,0,Seca (sertao) (baixa),0.781819723293555,Estavel
2931202,Taperoá,21421,0.566,270.97,0.18728105220356417,0.7698750439988967,0.2072074761968859,0.02,0.566,7.969507345416288e-05,1,Enchente / chuva extrema (moderada),0.0,Estavel
2931301,Tapiramutá,16939,0.594,312.39,0.7621968127345552,0.33531670550111425,0.5815281343912156,0.8448850024207284,0.594,0.003207960903853884,2,Seca (sertao) (moderada),0.8513691001747591,Estavel
2931350,Teixeira de Freitas,164290,0.685,560.73,0.2884515281404045,0.6633936614846598,0.3717658287336204,0.2262527858591431,0.685,0.0007449399658212716,3,Enchente / chuva extrema (baixa),0.526252785859143,Agravando
2931400,Teodoro Sampaio,7296,0.594,272.86,0.4096909069729766,0.25301402554193275,0.367565317248112,0.5835586230741212,0.594,0.0022157255041395174,0,Seca (sertao) (baixa),0.36686767569644685,Estavel
2931509,Teofilândia,22590,0.566,278.91,0.7188450442708,0.031046598725858687,0.6189575469860723,1.0,0.566,0.003984753672708144,2,Seca (sertao) (moderada),1.0,Agravando
2931608,Teolândia,15097,0.555,231.92,0.26119247307040233,0.5422694035841171,0.23776083270702736,0.234363931657678,0.555,0.0009523919210478578,1,Enchente / chuva extrema (moderada),0.1418822866099692,Estavel
2931707,Terra Nova,13018,0.578,296.6,0.3559612826523059,0.3206116352442793,0.32282336448966426,0.4835770124187514,0.578,0.001886929699602827,0,Seca (sertao) (baixa),0.26168092653801633,Estavel
2931806,Tremedal,15996,0.528,237.3,0.5954889262010995,0.321836898823621,0.6378730051199724,0.7714006934486808,0.528,0.003295065205366799,2,Seca (sertao) (moderada),0.7654057551722051,Estavel
2931905,Tucano,50903,0.579,325.7,0.6570243143692454,0.14583905057160723,0.6627861484387145,0.9422084234248822,0.579,0.0036701712560372178,2,Seca (sertao) (moderada),0.9225883078382208,Estavel
2932002,Uauá,23991,0.605,251.46,0.7079702752291119,0.19557963659792094,0.5195292584182469,0.8793424664684685,0.605,0.0032780878140841537,2,Seca (sertao) (moderada),0.607325324227451,Estavel
2932101,Ubaíra,19860,0.582,296.48,0.3449369969892406,0.3024200983507892,0.27548957489291614,0.4686855728978672,0.582,0.001816253697250438,0,Seca (sertao) (baixa),0.30674782601485995,Estavel
2932200,Ubaitaba,18647,0.611,349.68,0.3450675001965952,0.3878979496917867,0.3198763517135956,0.4291944644087169,0.611,0.001584275888037627,0,Seca (sertao) (baixa),0.40292254685678663,Estavel
2932309,Ubatã,27481,0.593,306.52,0.4024022922163753,0.2331024466700886,0.17479822826044542,0.5098821948575618,0.593,0.0019392467131731064,0,Seca (sertao) (baixa),0.4648542875322561,Estavel
2932408,Uibaí,13894,0.617,286.67,0.9173166816567949,0.29446591255074667,0.546056218128309,0.9571408203742325,0.617,0.0034987151474803434,2,Seca (sertao) (moderada),0.917985562145427,Estavel
2932457,Umburanas,19573,0.515,148.15,0.9705689562863243,0.12318409837936423,0.258618756993258,0.9854732801062615,0.515,0.004315742606016871,0,Seca (sertao) (baixa),0.8464640086688293,Estavel
2932507,Una,18108,0.56,303.78,0.08624428048297206,0.8048602512745169,0.6254266830207161,0.10837605130911236,0.56,0.00043647885279281593,1,Enchente / chuva extrema (moderada),0.40837605130911236,Agravando
2932606,Urandi,16672,0.598,325.07,0.713579494592266,0.3816298527709266,0.5035007824065263,0.7485024495801166,0.598,0.002822993984794989,2,Seca (sertao) (moderada),0.8584572712411981,Estavel
2932705,Uruçuca,20312,0.616,349.43,0.2739925976780178,0.7039750769675084,0.9011834744791379,0.41616386924613197,0.616,0.0015237073809052878,1,Enchente / chuva extrema (moderada),0.4628552817564442,Agravando
2932804,Utinga,19330,0.59,327.96,0.6361831760940555,0.44759691426663883,0.42538147727145825,0.6201529989471035,0.59,0.0023706353019502025,0,Seca (sertao) (baixa),0.5454506225954977,Estavel
2932903,Valença,97873,0.623,376.23,0.1842481236791186,0.8721834193313933,0.19868563484980958,0.02,0.623,7.240354987970497e-05,1,Enchente / chuva extrema (moderada),0.0,Estavel
2933000,Valente,29111,0.637,385.3,0.695803536787071,0.2016127859579898,0.6566154224438895,0.9261854310801236,0.637,0.0032792643198235457,2,Seca (sertao) (moderada),0.8938647861679222,Estavel
2933059,Várzea da Roça,14135,0.539,228.58,0.801194575159363,0.290936655142815,0.6316293067531942,0.9218001708845504,0.539,0.0038571446844199012,2,Seca (sertao) (moderada),0.9651572917064648,Estavel
2933109,Várzea do Poço,9247,0.575,296.74,0.8180141387656317,0.36231640741919313,0.5643526551384803,0.8547961537410945,0.575,0.0033528384277890923,2,Seca (sertao) (moderada),0.9451850109149543,Estavel
2933158,Várzea Nova,12556,0.555,234.88,0.877774451876013,0.3030964469763811,0.44680633684270665,0.8833137138666145,0.555,0.003589549120835387,2,Seca (sertao) (moderada),0.922610455456324,Estavel
2933174,Varzedo,8734,0.586,297.56,0.32242952535791686,0.3365053268543674,0.2484261636441589,0.419280094158792,0.586,0.0016137064652260193,0,Seca (sertao) (baixa),0.18743813860987618,Estavel
2933208,Vera Cruz,44185,0.645,408.64,0.07370670985534769,0.8447825476263843,0.07302309921520145,0.02,0.645,6.993397143419564e-05,3,Enchente / chuva extrema (baixa),0.0,Estavel
2933257,Vereda,6105,0.577,274.76,0.22050564970160322,0.6398123651260446,0.41994323048194926,0.2195146252119233,0.577,0.0008580360958560165,1,Enchente / chuva extrema (moderada),0.5195146252119233,Agravando
2933307,Vitória da Conquista,343643,0.678,555.66,0.5936857591531917,0.26779818770793273,0.5558997040622365,0.7721468886696436,0.678,0.002568550700856984,3,Enchente / chuva extrema (baixa),0.7605237447744276,Estavel
2933406,Wagner,9342,0.587,283.34,0.4739045016793622,0.5361605493018408,0.2867146836813902,0.3959254536970371,0.587,0.0015212242242719852,1,Enchente / chuva extrema (moderada),0.24030639975053378,Estavel
2933455,Wanderley,12125,0.6,275.76,0.9079309577167993,0.30983723712505773,0.6781702164600909,0.997232237961467,0.6,0.003748547082803522,2,Seca (sertao) (moderada),1.0,Estavel
2933505,Wenceslau Guimarães,20862,0.544,257.12,0.29770027551496586,0.4200511909404909,0.2583290911107948,0.3503884349721376,0.544,0.0014526760429621345,0,Seca (sertao) (baixa),0.28141697555370626,Estavel
2933604,Xique-Xique,46562,0.585,265.25,0.9831795847820849,0.41508813069404843,0.8409877032315234,1.0,0.585,0.0038553343226543756,2,Seca (sertao) (moderada),0.9478773530282992,Estavel
